{
  "threshold": 0.7,
  "total_pairs": 338,
  "true_positives": 55,
  "false_positives": 8,
  "false_negatives": 67,
  "true_negatives": 208,
  "precision": 0.873015873015873,
  "recall": 0.45081967213114754,
  "f1_score": 0.5945945945945946
}