{
  "threshold": 0.7,
  "total_pairs": 60,
  "true_positives": 10,
  "false_positives": 2,
  "false_negatives": 7,
  "true_negatives": 41,
  "precision": 0.8333333333333334,
  "recall": 0.5882352941176471,
  "f1_score": 0.6896551724137931
}